sep=;
prioridad;nombre;telefono_google;whatsapp_estado;whatsapp_para_contacto;whatsapp_link;website;email;direccion;rating;reviews;categoria;nota_outreach;query_fuente;cid
🔴;Anton Bienes Raices;02255 45-5067;confirmado_en_web;5492267401385;https://wa.me/5492267401385;http://www.antonbienesraices.com/;info@antonbienesraices.com;Paseo 128 y, Av. 3 Nº 2790, B7165 Villa Gesell, Provincia de Buenos Aires;4.4;192;Agencia inmobiliaria;"WhatsApp confirmado en la web; tiene web para auditar antes de escribir; email visible";inmobiliaria Villa Gesell;6452006745822651357
🔴;Roncoroni Propiedades;02255 45-4969;confirmado_en_web;5492255608005;https://wa.me/5492255608005;http://www.roncoroni-propiedades.com/;hola@terravirtual.com.ar, gesell@roncoroni-propiedades.com;Av. Buenos Aires 1104, B7165 Villa Gesell, Provincia de Buenos Aires;4.4;119;Agencia inmobiliaria;"WhatsApp confirmado en la web; tiene web para auditar antes de escribir; email visible";inmobiliarias Villa Gesell Buenos Aires;3618296117663779205
🔴;Daiana Cruz Inmobiliaria;02255 15-52-8490;confirmado_en_web;5492255528490;https://wa.me/5492255528490;http://www.daianacruz.com.ar/;inmobiliaria@daianacruz.com.ar, sistema.inmosoft@gmail.com;Av. del Plata, B7165 Mar de las Pampas, Provincia de Buenos Aires;4.7;103;Agencia inmobiliaria;"WhatsApp confirmado en la web; tiene web para auditar antes de escribir; email visible";inmobiliaria Mar de las Pampas;16608876786388581888
🔴;INMOBILIARIA SILVIA FERNANDEZ;02255 50-9408;confirmado_en_web;5492255509408;https://wa.me/5492255509408;https://www.silviafernandezpropiedades.com.ar/;braicesfernandez@gmail.com;Calle 34, Mar del Plata &, Mar Azul;4.8;94;Agencia inmobiliaria;"WhatsApp confirmado en la web; tiene web para auditar antes de escribir; email visible";inmobiliaria Mar Azul Buenos Aires;4799740441740711336
🔴;G Calvo Propiedades;02255 15-41-0319;confirmado_en_web;5492255410319;https://wa.me/5492255410319;https://www.calvopropiedades.com.ar/;hola@terravirtual.com.ar, gcalvopropiedades@gmail.com;Av. Buenos Aires 750, B7165 Villa Gesell, Provincia de Buenos Aires;4.6;86;Agencia inmobiliaria;"WhatsApp confirmado en la web; tiene web para auditar antes de escribir; email visible";inmobiliarias Villa Gesell Buenos Aires;14806552223894566600
🔴;Inmobiliaria Serodino;02255 46-2622;confirmado_en_web;5492255409218;https://wa.me/5492255409218;https://serodino.com.ar/;inmobiliariaserodino@gmail.com;Av. 3 817, B7165 Villa Gesell, Provincia de Buenos Aires;4.4;77;Agencia inmobiliaria;"WhatsApp confirmado en la web; tiene web para auditar antes de escribir; email visible";inmobiliarias Villa Gesell Buenos Aires;6109478910608165475
🔴;Gianini Gesell;02255 45-0525;confirmado_en_web;5491557132083;https://wa.me/5491557132083;http://gianiniinmobiliaria.com.ar/;inmobiliariagianini@gmail.com, gianiniinmobiliaria@gmail.com;Av. Buenos Aires 1134, B7165 Villa Gesell, Provincia de Buenos Aires;3.3;62;Agencia inmobiliaria;"WhatsApp confirmado en la web; tiene web para auditar antes de escribir; email visible";propiedades Villa Gesell inmobiliaria;13658271389815296933
🔴;Fabián Estanga Negocios Inmobiliarios;02255 45-3009;confirmado_en_web;5492255626296;https://wa.me/5492255626296;http://www.fabianestanga.com/;hola@terravirtual.com.ar, info@fabianestanga.com;Av. El Lucero, Mercedes Sosa &, B7165 Mar de las Pampas, Provincia de Buenos Aires;4.5;56;Agencia inmobiliaria;"WhatsApp confirmado en la web; tiene web para auditar antes de escribir; email visible";inmobiliaria Mar de las Pampas;3561481041968283842
🔴;Marcela Maciel Inmobiliaria;02255 46-3800;confirmado_en_web;5492255415366;https://wa.me/5492255415366;http://www.macielpropiedades.com.ar/;hola@terravirtual.com.ar, propiedadesmaciel@gmail.com;Av. 3 n° 4127, B7165 Villa Gesell, Provincia de Buenos Aires;4.6;56;Agencia inmobiliaria;"WhatsApp confirmado en la web; tiene web para auditar antes de escribir; email visible";inmobiliarias Villa Gesell Buenos Aires;16257206285488391209
🔴;Inmobiliaria Graziani;02255 46-2123;confirmado_en_web;5492255410244;https://wa.me/5492255410244;https://www.grazianiprop.com.ar/;graziani@gesell.com.ar;Avenida 3, Paseo 110 Esquina, Villa Gesell, Provincia de Buenos Aires;4.1;51;Agencia inmobiliaria;"WhatsApp confirmado en la web; tiene web para auditar antes de escribir; email visible";inmobiliarias Villa Gesell Buenos Aires;4205547355990358731
🔴;Moyano Propiedades;02267 47-5716;confirmado_en_web;5492267475716;https://wa.me/5492267475716;https://mdmoyanopropiedades.com.ar/;info@mdmoyanopropiedades.com.ar;Galería al lado de Bacará, Av 3 y Paseo 106, Galería Futura, Local 9, B7165 Villa Gesell, Provincia de Buenos Aires;5;46;Agencia inmobiliaria;"WhatsApp confirmado en la web; tiene web para auditar antes de escribir; email visible";inmobiliarias Villa Gesell Buenos Aires;9106340415961333030
🔴;Inmobiliaria Oczowinski Propiedades, Villa Gesell;02255 60-1915;confirmado_en_web;5492255601915;https://wa.me/5492255601915;https://oczowinskipropiedades.com/;consultas@gesellpropiedades.com;Av. Buenos Aires N°461, B7165 Villa Gesell, Provincia de Buenos Aires;4.6;44;Agentes inmobiliarios;"WhatsApp confirmado en la web; tiene web para auditar antes de escribir; email visible";inmobiliarias Villa Gesell Buenos Aires;11022575707623146434
🔴;Ressia MB Bienes Raices;02255 53-4300;confirmado_en_web;5492255534300;https://wa.me/5492255534300;http://www.ressiabienesraices.com.ar/;ressiabienesraices@gmail.com;Av. 2 881, B7165 Villa Gesell, Provincia de Buenos Aires;4.9;28;Agencia inmobiliaria;"WhatsApp confirmado en la web; tiene web para auditar antes de escribir; email visible";broker inmobiliario Villa Gesell;2201461194769984353
🔴;Rodriguez Inmobiliaria;02255 40-6658;confirmado_en_web;5492255406658;https://wa.me/5492255406658;http://www.gladysrodriguezpropiedades.com.ar/;rodriguezinmobiliaria01@gmail.com;Av. Buenos Aires 398, B7165 Villa Gesell, Provincia de Buenos Aires;4.9;21;Agencia inmobiliaria;"WhatsApp confirmado en la web; tiene web para auditar antes de escribir; email visible";inmobiliarias Villa Gesell Buenos Aires;17798247962652518439
🔴;Bischoff Inmobiliaria;02255 50-9785;confirmado_en_web;5492255509785;https://wa.me/5492255509785;http://www.bischoffinmobiliaria.com/;bischoffinmobiliaria@gmail.com;Bunge N° 740 - Pinamar, Bunge 740 - Pinamar, Av. 3 N° 771, B7165 Villa Gesell, Provincia de Buenos Aires;4.6;17;Consultor inmobiliario;"WhatsApp confirmado en la web; tiene web para auditar antes de escribir; email visible";broker inmobiliario Villa Gesell;8717290950412411270
🔴;Inmobiliaria Roncoroni Propiedades Mar de las Pampas;02255 45-3911;confirmado_en_web;5492255608005;https://wa.me/5492255608005;http://www.roncoroni-propiedades.com/;hola@terravirtual.com.ar, gesell@roncoroni-propiedades.com;Avenida El Lucero, Mercedes Sosa &, B7165 Mar de las Pampas, Provincia de Buenos Aires;4.7;10;Agencia inmobiliaria;"WhatsApp confirmado en la web; tiene web para auditar antes de escribir; email visible";inmobiliaria Mar de las Pampas;14237974224574309008
🔴;Gianini Inmobiliaria Mar Azul;02255 47-9558;confirmado_en_web;5491557132083;https://wa.me/5491557132083;https://www.gianiniinmobiliaria.com.ar/;inmobiliariagianini@gmail.com, gianiniinmobiliaria@gmail.com;calle 33, Mar del Plata y, B7165 Mar Azul, Provincia de Buenos Aires;;;Agentes inmobiliarios;"WhatsApp confirmado en la web; tiene web para auditar antes de escribir; email visible";inmobiliaria Mar Azul Buenos Aires;15324572693548661700
🟡;Rush Propiedades;02255 42-5606;probable_no_verificado_google_phone;5492255425606;https://wa.me/5492255425606;http://www.rushpropiedades.com/;;Calle 44 N° 651 Punta Indio, C. Pinamar y, B7163 Mar Azul, Provincia de Buenos Aires;4.8;84;Agencia inmobiliaria;"Teléfono de Google; WhatsApp a verificar manualmente; tiene web para auditar antes de escribir";inmobiliaria Mar Azul Buenos Aires;5391433010221815818
🟡;Fogliese Propiedades Villa Gesell;02255 45-3002;probable_no_verificado_google_phone;5492255453002;https://wa.me/5492255453002;https://www.foglieseprop.com.ar/;alicia@foglieseprop.com.ar;Av. 3 1973, B7165 Villa Gesell, Provincia de Buenos Aires;4.3;70;Agencia inmobiliaria;"Teléfono de Google; WhatsApp a verificar manualmente; tiene web para auditar antes de escribir; email visible";inmobiliarias Villa Gesell Buenos Aires;9930264589825600979
🟡;Costa y Sierras;02255 46-7427;probable_no_verificado_google_phone;5492255467427;https://wa.me/5492255467427;http://www.costaysierras.com.ar/;costaysierras@gmail.com, amy.miller@houzez.com;El lucero e/ Sta maria y querandies, B7165 Villa Gesell, Provincia de Buenos Aires;4.4;62;Agencia inmobiliaria;"Teléfono de Google; WhatsApp a verificar manualmente; tiene web para auditar antes de escribir; email visible";inmobiliaria Mar de las Pampas;7084787602756648138
🟡;Inmobiliaria | Bravo Inmuebles | Villa Gesell;02255 46-2381;probable_no_verificado_google_phone;5492255462381;https://wa.me/5492255462381;http://www.bravoinmuebles.com/;info@bravoinmuebles.com;Av. Buenos Aires 757, B7165 Villa Gesell, Provincia de Buenos Aires;3.6;37;Agencia inmobiliaria;"Teléfono de Google; WhatsApp a verificar manualmente; tiene web para auditar antes de escribir; email visible";inmobiliarias Villa Gesell Buenos Aires;6100381435576288064
🟡;Inmobiliaria Bahlcke Propiedades;02255 43-9571;probable_no_verificado_google_phone;5492255439571;https://wa.me/5492255439571;http://www.bahlckepropiedades.com.ar/;;Av. Buenos Aires 1144, B7165 Villa Gesell, Provincia de Buenos Aires;4.6;32;Agencia inmobiliaria;"Teléfono de Google; WhatsApp a verificar manualmente; tiene web para auditar antes de escribir";broker inmobiliario Villa Gesell;14439792033737074328
🟡;Pugliese Propiedades;02255 47-5463;probable_no_verificado_google_phone;5492255475463;https://wa.me/5492255475463;https://www.puglieseprop.com.ar/;puglieseprop@gmail.com;Avenida 3, P.º 145 y, B7165 Villa Gesell, Provincia de Buenos Aires;4.1;28;Agencia inmobiliaria;"Teléfono de Google; WhatsApp a verificar manualmente; tiene web para auditar antes de escribir; email visible";propiedades Villa Gesell inmobiliaria;8740265862364257038
🟡;Oilher Propiedades;02255 50-8002;probable_no_verificado_google_phone;5492255508002;https://wa.me/5492255508002;http://www.oilherpropiedades.com/;oilherpropiedades@gmail.com;Av. Buenos Aires 708, B7165 Villa Gesell, Provincia de Buenos Aires;4.9;23;Agentes inmobiliarios;"Teléfono de Google; WhatsApp a verificar manualmente; tiene web para auditar antes de escribir; email visible";broker inmobiliario Villa Gesell;15896530825153715625
🟢;Brailovsky Propiedades;02267 15-67-6010;sin_numero_util;;;http://brailovskypropiedadesvg.com.ar/;sbnegociosinmobiliarios.vg@gmail.com;C. 107 605, B7165 Villa Gesell, Provincia de Buenos Aires;4.9;22;Agentes inmobiliarios;"sin teléfono usable; tiene web para auditar antes de escribir; email visible";broker inmobiliario Villa Gesell;13287530373420386112
🟡;Inmobiliaria | Bravo Inmuebles | Mar de las Pampas;02255 47-7717;probable_no_verificado_google_phone;5492255477717;https://wa.me/5492255477717;http://www.bravoinmuebles.com/;info@bravoinmuebles.com;Las Toninas, Peñaloza &, Mar de las Pampas, Provincia de Buenos Aires;4.3;12;Agencia inmobiliaria;"Teléfono de Google; WhatsApp a verificar manualmente; tiene web para auditar antes de escribir; email visible";inmobiliaria Mar de las Pampas;7248036075937517404
🟡;Mar Azul inmobiliaria;02255 45-2194;probable_no_verificado_google_phone;5492255452194;https://wa.me/5492255452194;http://www.marazulsa.com.ar/;marazulsa1959@gmail.com, vazquez-mardelaspampas@hotmail.com;Av. El Lucero 433, B7165 Mar de las Pampas, Provincia de Buenos Aires;4.2;6;Agencia inmobiliaria;"Teléfono de Google; WhatsApp a verificar manualmente; tiene web para auditar antes de escribir; email visible";inmobiliaria Mar de las Pampas;5008555438310361357
🟡;Saenz Propiedades Mar de las Pampas;02255 45-8839;probable_no_verificado_google_phone;5492255458839;https://wa.me/5492255458839;https://www.saenzpropiedades.com.ar/;;B7165 Mar de las Pampas, Provincia de Buenos Aires;5;2;Consultor inmobiliario;"Teléfono de Google; WhatsApp a verificar manualmente; tiene web para auditar antes de escribir";inmobiliaria Mar de las Pampas;6605540243426049654
🟡;DIEZ INMOBILIARIA;02255 45-8398;probable_no_verificado_google_phone;5492255458398;https://wa.me/5492255458398;;;Calle 33 N°240 entre Punta del Este, Mar del Plata y, B7165 Mar Azul, Provincia de Buenos Aires;4.4;26;Agentes inmobiliarios;"Teléfono de Google; WhatsApp a verificar manualmente; sin web detectada en Google Places";inmobiliaria Mar Azul Buenos Aires;3905798606637989978
🟡;MARTIN propiedades;02255 47-4115;probable_no_verificado_google_phone;5492255474115;https://wa.me/5492255474115;;;C. 33, B7165 Mar Azul, Provincia de Buenos Aires;4.9;17;Agencia inmobiliaria;"Teléfono de Google; WhatsApp a verificar manualmente; sin web detectada en Google Places";inmobiliaria Mar Azul Buenos Aires;3552112210066680193
